PRAGMA foreign_keys=OFF;
BEGIN TRANSACTION;
CREATE TABLE "schema_migrations" ("version" varchar NOT NULL);
INSERT INTO "schema_migrations" VALUES('20151206160602');
INSERT INTO "schema_migrations" VALUES('20151206185734');
INSERT INTO "schema_migrations" VALUES('20151206203734');
INSERT INTO "schema_migrations" VALUES('20151206232810');
INSERT INTO "schema_migrations" VALUES('20151207122938');
INSERT INTO "schema_migrations" VALUES('20151208121305');
INSERT INTO "schema_migrations" VALUES('20151215090838');
INSERT INTO "schema_migrations" VALUES('20151220155113');
INSERT INTO "schema_migrations" VALUES('20151220155357');
CREATE TABLE "users" ("id" INTEGER PRIMARY KEY AUTOINCREMENT NOT NULL, "username" varchar DEFAULT '' NOT NULL, "email" varchar DEFAULT '' NOT NULL, "encrypted_password" varchar DEFAULT '' NOT NULL, "reset_password_token" varchar, "reset_password_sent_at" datetime, "remember_created_at" datetime, "sign_in_count" integer DEFAULT 0 NOT NULL, "current_sign_in_at" datetime, "last_sign_in_at" datetime, "current_sign_in_ip" varchar, "last_sign_in_ip" varchar, "created_at" datetime NOT NULL, "updated_at" datetime NOT NULL, "avatar_file_name" varchar, "avatar_content_type" varchar, "avatar_file_size" integer, "avatar_updated_at" datetime, "banner_file_name" varchar, "banner_content_type" varchar, "banner_file_size" integer, "banner_updated_at" datetime);
INSERT INTO "users" VALUES(1,'gijsbotje','botje_gijs@hotmail.com','$2a$10$uqAIg7tlgRGzeIUdurvgOOdiugMBNMmOVqnB3O50C7oDbXl04kSuq',NULL,NULL,NULL,7,'2016-01-04 11:42:07.888051','2015-12-26 12:05:49.116175','::1','::1','2015-12-15 08:15:24.897475','2016-01-04 11:42:07.894585','head_shot_insta.png','image/png',6197281,'2015-12-16 13:12:24.275234','drum_wallpaper_by_lazymoeron-d4hlcpp.jpg','image/jpeg',237311,'2015-12-20 15:58:19.862819');
INSERT INTO "users" VALUES(2,'r0dtjee','rod@test.nl','$2a$10$rXYeRv.H9/7DlMzck9e2QuhSBoIbYFtRaubHG/Xmq9cPXROl9j5mi',NULL,NULL,NULL,2,'2015-12-17 11:19:29.044105','2015-12-16 13:13:28.713877','::1','::1','2015-12-16 13:13:28.710693','2015-12-17 11:19:29.045068','3_tm_5_mei-5878.jpg','image/jpeg',12424609,'2015-12-16 13:17:26.125942',NULL,NULL,NULL,NULL);
CREATE TABLE "images" ("id" INTEGER PRIMARY KEY AUTOINCREMENT NOT NULL, "user_id" integer, "album_id" integer, "show_id" integer, "band_id" integer, "title" text, "desc" text, "picDate" datetime, "likes" varchar, "tags" text, "eShutter" varchar, "eAperture" varchar, "eFocal" varchar, "eIso" varchar, "Eflash" varchar, "eCamModel" varchar, "eCamLens" varchar, "created_at" datetime NOT NULL, "updated_at" datetime NOT NULL, "image_file_name" varchar, "image_content_type" varchar, "image_file_size" integer, "image_updated_at" datetime);
INSERT INTO "images" VALUES(23,1,5,NULL,NULL,'FestivalDerAa-OrangeSkyline-4309.jpg',NULL,NULL,NULL,NULL,NULL,NULL,NULL,NULL,NULL,NULL,NULL,'2015-12-17 17:36:10.031318','2015-12-17 17:36:10.031318','FestivalDerAa-OrangeSkyline-4309.jpg','image/jpeg',9533479,'2015-12-17 17:36:07.577466');
INSERT INTO "images" VALUES(24,1,5,NULL,NULL,'FestivalDerAa-OrangeSkyline-4316.jpg',NULL,NULL,NULL,NULL,NULL,NULL,NULL,NULL,NULL,NULL,NULL,'2015-12-17 17:36:13.273484','2015-12-17 17:36:13.273484','FestivalDerAa-OrangeSkyline-4316.jpg','image/jpeg',13566680,'2015-12-17 17:36:10.097794');
INSERT INTO "images" VALUES(25,1,5,NULL,NULL,'FestivalDerAa-OrangeSkyline-4317.jpg',NULL,NULL,NULL,NULL,NULL,NULL,NULL,NULL,NULL,NULL,NULL,'2015-12-17 17:36:16.417484','2015-12-17 17:36:16.417484','FestivalDerAa-OrangeSkyline-4317.jpg','image/jpeg',11562226,'2015-12-17 17:36:13.338076');
INSERT INTO "images" VALUES(26,1,5,NULL,NULL,'FestivalDerAa-OrangeSkyline-4327.jpg',NULL,NULL,NULL,NULL,NULL,NULL,NULL,NULL,NULL,NULL,NULL,'2015-12-17 17:36:19.668087','2015-12-17 17:36:19.668087','FestivalDerAa-OrangeSkyline-4327.jpg','image/jpeg',10352171,'2015-12-17 17:36:16.474137');
INSERT INTO "images" VALUES(27,1,5,NULL,NULL,'FestivalDerAa-OrangeSkyline-4332.jpg',NULL,NULL,NULL,NULL,NULL,NULL,NULL,NULL,NULL,NULL,NULL,'2015-12-17 17:36:21.942922','2015-12-17 17:36:21.942922','FestivalDerAa-OrangeSkyline-4332.jpg','image/jpeg',7437617,'2015-12-17 17:36:19.718905');
INSERT INTO "images" VALUES(28,1,5,NULL,NULL,'FestivalDerAa-OrangeSkyline-4338.jpg',NULL,NULL,NULL,NULL,NULL,NULL,NULL,NULL,NULL,NULL,NULL,'2015-12-17 17:36:25.250138','2015-12-17 17:36:25.250138','FestivalDerAa-OrangeSkyline-4338.jpg','image/jpeg',10052683,'2015-12-17 17:36:22.111994');
INSERT INTO "images" VALUES(29,1,5,NULL,NULL,'FestivalDerAa-OrangeSkyline-4341.jpg',NULL,NULL,NULL,NULL,NULL,NULL,NULL,NULL,NULL,NULL,NULL,'2015-12-17 17:36:28.295359','2015-12-17 17:36:28.295359','FestivalDerAa-OrangeSkyline-4341.jpg','image/jpeg',10955416,'2015-12-17 17:36:25.378078');
INSERT INTO "images" VALUES(30,1,5,NULL,NULL,'FestivalDerAa-OrangeSkyline-4346.jpg',NULL,NULL,NULL,NULL,NULL,NULL,NULL,NULL,NULL,NULL,NULL,'2015-12-17 17:36:31.947346','2015-12-17 17:36:31.947346','FestivalDerAa-OrangeSkyline-4346.jpg','image/jpeg',11680616,'2015-12-17 17:36:28.398144');
INSERT INTO "images" VALUES(34,1,6,NULL,NULL,'16304268952_838ec943b9_h.jpg',NULL,NULL,NULL,NULL,NULL,NULL,NULL,NULL,NULL,NULL,NULL,'2015-12-20 21:53:07.202611','2015-12-20 21:53:07.202611','16304268952_838ec943b9_h.jpg','image/jpeg',629595,'2015-12-20 21:53:06.649720');
INSERT INTO "images" VALUES(35,1,6,NULL,NULL,'16305132195_975625e84f_h.jpg',NULL,NULL,NULL,NULL,NULL,NULL,NULL,NULL,NULL,NULL,NULL,'2015-12-20 21:53:07.722334','2015-12-20 21:53:07.722334','16305132195_975625e84f_h.jpg','image/jpeg',614027,'2015-12-20 21:53:07.232597');
CREATE TABLE "votes" ("id" INTEGER PRIMARY KEY AUTOINCREMENT NOT NULL, "votable_id" integer, "votable_type" varchar, "voter_id" integer, "voter_type" varchar, "vote_flag" boolean, "vote_scope" varchar, "vote_weight" integer, "created_at" datetime, "updated_at" datetime);
CREATE TABLE "albums" ("id" INTEGER PRIMARY KEY AUTOINCREMENT NOT NULL, "user_id" integer, "album_title" varchar, "album_desc" varchar, "created_at" datetime NOT NULL, "updated_at" datetime NOT NULL);
INSERT INTO "albums" VALUES(1,1,'Orange Skyline @ FestivalDerAa','jaarlijks festival in schipborg','2015-12-15 08:18:48.893140','2015-12-15 08:18:48.893140');
INSERT INTO "albums" VALUES(2,1,'typhoon @ESNS','groningen 16 januari 2014','2015-12-16 11:40:09.032895','2015-12-16 11:40:09.032895');
INSERT INTO "albums" VALUES(5,1,'Orange Skyline @ FestivalDerAa','Orange Skyline trad in 2014 op tijdens FestivalDerAa in Schipborg, hier de foto''s','2015-12-17 17:36:07.528091','2015-12-17 17:36:07.528091');
INSERT INTO "albums" VALUES(6,1,'typhoon @ESNS','','2015-12-20 21:53:06.643339','2015-12-20 21:53:06.643339');
DELETE FROM sqlite_sequence;
INSERT INTO "sqlite_sequence" VALUES('users',2);
INSERT INTO "sqlite_sequence" VALUES('images',35);
INSERT INTO "sqlite_sequence" VALUES('albums',6);
INSERT INTO "sqlite_sequence" VALUES('votes',2);
CREATE UNIQUE INDEX "unique_schema_migrations" ON "schema_migrations" ("version");
CREATE UNIQUE INDEX "index_users_on_email" ON "users" ("email");
CREATE UNIQUE INDEX "index_users_on_reset_password_token" ON "users" ("reset_password_token");
CREATE INDEX "index_votes_on_voter_id_and_voter_type_and_vote_scope" ON "votes" ("voter_id", "voter_type", "vote_scope");
CREATE INDEX "index_votes_on_votable_id_and_votable_type_and_vote_scope" ON "votes" ("votable_id", "votable_type", "vote_scope");
COMMIT;
